Name, has Interests,Interest
Andrew Turner, has Interests, Gardening
Andrew Turner, has Interests, Science
Andrew Turner, has Interests, Rugby
David White, has Interests, Sailing
David White, has Interests, Jazz Music
David White, has Interests, Skiing
Emma Davis, has Interests, Wine Tasting
Emma Davis, has Interests, Literature
Emma Davis, has Interests, Tennis
John Smith, has Interests, Golf
John Smith, has Interests, Fine Dining
John Smith, has Interests, Art Appreciation
Melissa Hughes, has Interests, Volunteer Work
Melissa Hughes, has Interests, Fashion
Melissa Hughes, has Interests, Golf
Michael Brown, has Interests, Photography
Michael Brown, has Interests, Theatre
Michael Brown, has Interests, Football
Olivia Green, has Interests, Yoga
Olivia Green, has Interests, Technology
Olivia Green, has Interests, Soccer
Richard Foster, has Interests, Painting
Richard Foster, has Interests, Theatre
Richard Foster, has Interests, Football
Sarah Johnson, has Interests, Travel
Sarah Johnson, has Interests, Classical Music
Sarah Johnson, has Interests, Hiking
Sophie Walker, has Interests, Cooking
Sophie Walker, has Interests, History
Sophie Walker, has Interests, Cycling
