Name,is a,Position
 Andrew Turner, is a, Personal Wealth Advisor
 Daniel Turner, is a, Personal Wealth Advisor
 David White, is a, Personal Wealth Advisor
 Emily Parker, is a, Personal Wealth Advisor
 Emma Davis, is a, Personal Wealth Advisor
 George Harris, is a, Personal Wealth Advisor
 John Smith, is a, Personal Wealth Advisor
 Laura Bennett, is a, Personal Wealth Advisor
 Matthew Taylor, is a, Personal Wealth Advisor
 Melissa Hughes, is a, Personal Wealth Advisor
 Michael Brown, is a, Personal Wealth Advisor
 Oliver Anderson, is a, Personal Wealth Advisor
 Olivia Green, is a, Personal Wealth Advisor
 Richard Foster, is a, Personal Wealth Advisor
 Sarah Johnson, is a, Personal Wealth Advisor
 Sophie Turner, is a, Personal Wealth Advisor
 Sophie Walker, is a, Personal Wealth Advisor
