Name, has Service Postcodes,Postcode
Andrew Turner, has Service Postcodes, W2
Andrew Turner, has Service Postcodes, SE5
Andrew Turner, has Service Postcodes, E17
Andrew Turner, has Service Postcodes, SW11
Andrew Turner, has Service Postcodes, EC1
Daniel Turner, has Service Postcodes, W11
Daniel Turner, has Service Postcodes, SE10
Daniel Turner, has Service Postcodes, E18
Daniel Turner, has Service Postcodes, NW6
Daniel Turner, has Service Postcodes, SW19
Daniel Turner, has Service Postcodes, N19
Daniel Turner, has Service Postcodes, E2
Daniel Turner, has Service Postcodes, SW1V
Daniel Turner, has Service Postcodes, W3
Daniel Turner, has Service Postcodes, E7
Daniel Turner, has Service Postcodes, SE5
Daniel Turner, has Service Postcodes, EC1
Daniel Turner, has Service Postcodes, SW10
Daniel Turner, has Service Postcodes, N15
Daniel Turner, has Service Postcodes, SE8
Daniel Turner, has Service Postcodes, NA
David White, has Service Postcodes, W11
David White, has Service Postcodes, SE10
David White, has Service Postcodes, E18
David White, has Service Postcodes, NW6
David White, has Service Postcodes, SW19
Emily Parker, has Service Postcodes, SW3
Emily Parker, has Service Postcodes, EC4
Emily Parker, has Service Postcodes, NW8
Emily Parker, has Service Postcodes, SE5
Emily Parker, has Service Postcodes, E15
Emily Parker, has Service Postcodes, W14
Emily Parker, has Service Postcodes, SW18
Emily Parker, has Service Postcodes, N8
Emily Parker, has Service Postcodes, E14
Emily Parker, has Service Postcodes, SW16
Emily Parker, has Service Postcodes, SE26
Emily Parker, has Service Postcodes, E3
Emily Parker, has Service Postcodes, SW7
Emily Parker, has Service Postcodes, N22
Emily Parker, has Service Postcodes, E1W
Emily Parker, has Service Postcodes, NA
Emma Davis, has Service Postcodes, SW1
Emma Davis, has Service Postcodes, EC2
Emma Davis, has Service Postcodes, N16
Emma Davis, has Service Postcodes, W8
Emma Davis, has Service Postcodes, SE12
George Harris, has Service Postcodes, SW5
George Harris, has Service Postcodes, EC1
George Harris, has Service Postcodes, N7
George Harris, has Service Postcodes, W4
George Harris, has Service Postcodes, SE18
George Harris, has Service Postcodes, NW3
George Harris, has Service Postcodes, SE4
George Harris, has Service Postcodes, E9
George Harris, has Service Postcodes, SW12
George Harris, has Service Postcodes, E14
George Harris, has Service Postcodes, N4
George Harris, has Service Postcodes, SW1
George Harris, has Service Postcodes, SE13
George Harris, has Service Postcodes, WC2
George Harris, has Service Postcodes, SW14
George Harris, has Service Postcodes, NA
John Smith, has Service Postcodes, NW1
John Smith, has Service Postcodes, EC3
John Smith, has Service Postcodes, SW7
John Smith, has Service Postcodes, WC1
John Smith, has Service Postcodes, W14
Laura Bennett, has Service Postcodes, SE1
Laura Bennett, has Service Postcodes, E14
Laura Bennett, has Service Postcodes, NW3
Laura Bennett, has Service Postcodes, SW7
Laura Bennett, has Service Postcodes, WC1
Laura Bennett, has Service Postcodes, SW19
Laura Bennett, has Service Postcodes, SE4
Laura Bennett, has Service Postcodes, E9
Laura Bennett, has Service Postcodes, NW5
Laura Bennett, has Service Postcodes, N16
Laura Bennett, has Service Postcodes, W8
Laura Bennett, has Service Postcodes, E1W
Laura Bennett, has Service Postcodes, SW6
Laura Bennett, has Service Postcodes, N4
Laura Bennett, has Service Postcodes, SW18
Laura Bennett, has Service Postcodes, NA
Matthew Taylor, has Service Postcodes, N5
Matthew Taylor, has Service Postcodes, E17
Matthew Taylor, has Service Postcodes, SW11
Matthew Taylor, has Service Postcodes, EC2
Matthew Taylor, has Service Postcodes, W6
Matthew Taylor, has Service Postcodes, SE19
Matthew Taylor, has Service Postcodes, NW9
Matthew Taylor, has Service Postcodes, E8
Matthew Taylor, has Service Postcodes, SW16
Matthew Taylor, has Service Postcodes, SE26
Matthew Taylor, has Service Postcodes, W1
Matthew Taylor, has Service Postcodes, SW7
Matthew Taylor, has Service Postcodes, N22
Matthew Taylor, has Service Postcodes, E2
Matthew Taylor, has Service Postcodes, SW3
Melissa Hughes, has Service Postcodes, SW10
Melissa Hughes, has Service Postcodes, EC2
Melissa Hughes, has Service Postcodes, NW5
Melissa Hughes, has Service Postcodes, SE15
Melissa Hughes, has Service Postcodes, W6
Michael Brown, has Service Postcodes, WC2
Michael Brown, has Service Postcodes, N1
Michael Brown, has Service Postcodes, E1
Michael Brown, has Service Postcodes, SW8
Michael Brown, has Service Postcodes, EC4
Oliver Anderson, has Service Postcodes, SW1
Oliver Anderson, has Service Postcodes, EC2
Oliver Anderson, has Service Postcodes, N16
Oliver Anderson, has Service Postcodes, W8
Oliver Anderson, has Service Postcodes, SE12
Oliver Anderson, has Service Postcodes, NW10
Oliver Anderson, has Service Postcodes, E18
Oliver Anderson, has Service Postcodes, SW9
Oliver Anderson, has Service Postcodes, E10
Oliver Anderson, has Service Postcodes, SW19
Oliver Anderson, has Service Postcodes, WC2
Oliver Anderson, has Service Postcodes, N6
Oliver Anderson, has Service Postcodes, E5
Oliver Anderson, has Service Postcodes, W2<
Olivia Green, has Service Postcodes, SW3
Olivia Green, has Service Postcodes, EC4
Olivia Green, has Service Postcodes, NW8
Olivia Green, has Service Postcodes, SE5
Olivia Green, has Service Postcodes, E15
Richard Foster, has Service Postcodes, W11
Richard Foster, has Service Postcodes, SE22
Richard Foster, has Service Postcodes, E3
Richard Foster, has Service Postcodes, NW3
Richard Foster, has Service Postcodes, SW6
Sarah Johnson, has Service Postcodes, W1A
Sarah Johnson, has Service Postcodes, SE1
Sarah Johnson, has Service Postcodes, E14
Sarah Johnson, has Service Postcodes, NW3
Sarah Johnson, has Service Postcodes, SW16
Sophie Turner, has Service Postcodes, WC2
Sophie Turner, has Service Postcodes, N1
Sophie Turner, has Service Postcodes, E1
Sophie Turner, has Service Postcodes, SW8
Sophie Turner, has Service Postcodes, EC4
Sophie Turner, has Service Postcodes, NW5
Sophie Turner, has Service Postcodes, SE3
Sophie Turner, has Service Postcodes, E15
Sophie Turner, has Service Postcodes, SW6
Sophie Turner, has Service Postcodes, N16
Sophie Turner, has Service Postcodes, E9
Sophie Turner, has Service Postcodes, W11
Sophie Turner, has Service Postcodes, N7
Sophie Turner, has Service Postcodes, NA
Sophie Walker, has Service Postcodes, SW5
Sophie Walker, has Service Postcodes, EC1
Sophie Walker, has Service Postcodes, N7
Sophie Walker, has Service Postcodes, W4
Sophie Walker, has Service Postcodes, SE18
